,ZIM80MET413PCATrain2014ndays0,ZIM80MET413PCATrain2014ndays1,ZIM80MET413PCATrain2014ndays2,ZIM80MET413PCATrain2014ndays3,ZIM80MET413PCATrain2014ndays4,ZIM80MET413PCATrain2014ndays5,ZIM80MET413PCATrain2014ndays6,ZIM80MET413PCATrain2014ndays7,ZIM80MET413PCATrain2014ndays8,ZIM80MET413PCATrain2014ndays9,ZIM80MET413PCATrain2014ndays10
LDA,0.7631946967678384,0.7631946967678384,0.7661789760111103,0.7704599956398518,0.7688612746166704,0.7588163812384435,0.730280422126945,0.7335489184410048,0.726772521376838,0.7284422966677163,0.7352186937318832
BEST,0.7631946967678384,0.7631946967678384,0.7661789760111103,0.7704599956398518,0.7688612746166704,0.7588163812384435,0.730280422126945,0.7335489184410048,0.726772521376838,0.7284422966677163,0.7352186937318832
